Número,Tipo,Contratista,Motivo de revisión,Valor actual (COP),Enlace al documento,id
110-26,Contrato de prestación de servicios,BANCO POPULARSA,Valor sin doble verificación (solo cifras),25000000.0,https://www.acuavalle.gov.co/wp-content/uploads/2026/10/CONTRATO-DE-PRESTACION-DE-SERVICIOS-NRO-110-26-BANCO-POPULAR-SA.pdf,f1ea0860
054-26,Contrato de prestación de servicios,SOLUCIONES AUTOMATICAS PROGRAMABLES S.A.P. SAS,Valor: cifras ≠ letras (OCR leyó 1.898 en cifras y 1.898.057.746 en letras),,https://www.acuavalle.gov.co/wp-content/uploads/2026/03/CONTRATO-DE-PRESTACION-DE-SERVICIOS-NRO-054-26-SOLUCIONES-AUTOMATICAS-PROGRAMABLES-SAS.pdf,2f69ef50
174-25,Contrato de interventoría,,Fecha de firma no legible,158321506.0,https://www.acuavalle.gov.co/wp-content/uploads/2026/08/CONTRATO-DE-INTERVENTORIA-NRO-174-25.pdf,855b3b42
001-2025,Convenio interadministrativo,CORPOCUENCAS,Fecha de firma no legible,303402200.0,https://www.acuavalle.gov.co/wp-content/uploads/2025/05/Convenio-Interadministrativo-No.-001-2025-Celebrado-Entre-ACUAVALLE-SA-ESP-y-CORPOCUENCAS.pdf,974e0307
146-25,Contrato de compraventa,EMPRESA COLOMBIANA DE ASEO S.A,Valor no legible en el OCR,,https://www.acuavalle.gov.co/wp-content/uploads/2026/09/CONTRATO-DE-COMPRAVENTA-NRO-146-25-EMPRESA-COLOMBIANA-DE-ASEO-SA.pdf,87117a5e
160-25,Contrato de promesa de compraventa,BETTY GUILLERMINA ORTIZ MAFLA,Valor sin doble verificación (tomado de letras),355538617.0,https://www.acuavalle.gov.co/wp-content/uploads/2025/12/CONTRATO-DE-PROMESA-DE-COMPRAVENTA-DE-BIEN-INMUEBLE-NRO-160-25-BETTY-GUILLERMINA-ORTIZ-MAFLA.pdf,1a7f3f58
135-25,Contrato de compraventa,CONSTRUCTORA GRAM HABITAT S.A,Valor no legible en el OCR,,https://www.acuavalle.gov.co/wp-content/uploads/2025/12/CONTRATO-COMPRA-VENTA-NRO-135-25-CONSTRUCTORA-GRAM-HABITAT-SAS.pdf,8a23c5f5
043-25,Contrato de compraventa,AUTOPACIFICO S.A,Objeto no legible,194990000.0,https://www.acuavalle.gov.co/wp-content/uploads/2025/04/CONTRATO-DE-COMPRAVENTA-DE-BIEN-INMUEBLE-NRO-043-25-AUTOPACIFICO-SAS.pdf,30acceb4
142-25,Contrato de consultoría,DATEN S.A.S,Valor sin doble verificación (tomado de letras),86781401.0,https://www.acuavalle.gov.co/wp-content/uploads/2025/11/CONTRATO-DE-CONSULTORIA-NRO-142-25-DATEN-SAS.pdf,c14eb5c9
156-25,Contrato de suministro,DANIELA ANDREA COSTA GÓMEZ,Valor: cifras ≠ letras (OCR leyó 139.089.062 en cifras y 139.699.500 en letras),,https://www.acuavalle.gov.co/wp-content/uploads/2026/02/CONTRATO-DE-SUMINISTRO-NRO-156-25-DANIELA-ANDREA-COSTA-GOMEZ.pdf,b141ff54
166-25,Contrato de suministro,CONTROL E INSTRUMENTACIÓN INDUSTRIAL DE COLOMBIA S.A.S,Valor sin doble verificación (tomado de letras),265996832.0,https://www.acuavalle.gov.co/wp-content/uploads/2025/12/CONTRATO-DE-SUMINISTRO-NRO-166-25-CONTROL-E-INSTRUMENTACION-INDUSTRIAL-DE-COLOMBIA-SAS.pdf,343a5d9b
148-25,Contrato de obra,,Fecha de firma no legible,2098977636.0,https://www.acuavalle.gov.co/wp-content/uploads/2026/08/CONTRATO-DE-OBRA-NRO-148-25.pdf,836b9c2d
143-25,Contrato de prestación de servicios,BANCO POPULAR S.A,Valor sin doble verificación (solo cifras),35000000.0,https://www.acuavalle.gov.co/wp-content/uploads/2026/09/CONTRATO-DE-PRESTACION-DE-SERVICIOS-NRO-143-25-BANCO-POPULAR-SA.pdf,ec875b3f
110-25,Contrato de prestación de servicios,ALQUIMIA 2.0 S.A.S,Objeto no legible,89250000.0,https://www.acuavalle.gov.co/wp-content/uploads/2025/08/CONTRATO-DE-PRESTACION-DE-SERVICIOS-NRO-110-25-ALQUIMIA-2.0-SAS.pdf,02e28fc1
005-25,Contrato de prestación de servicios,OLVIN TORRES RIVERA,Valor: cifras ≠ letras (OCR leyó 118.607.500 en cifras y 125.607.500 en letras),,https://www.acuavalle.gov.co/wp-content/uploads/2025/02/CONTRATO-DE-PRESTACION-DE-SERVICIOS-NRO-005-25-OLVIN-TORRES-RIVERA.pdf,6aac4472
,Contrato de compraventa,EMPRESA COLOMBIANA DE ASEO S.A,Valor no legible en el OCR,,https://www.acuavalle.gov.co/wp-content/uploads/2025/01/CONTRATO-DE-COMPRAVENTA-EMPRESA-COLOMBIANA-DE-ASEO-SA.pdf,90a9d0ec
018-24,Contrato de compraventa,EMPRESA COLOMBIANA DE ASEO S.A,Valor no legible en el OCR,,https://www.acuavalle.gov.co/wp-content/uploads/2024/03/CONTRATO-DE-COMPRAVENTA-NRO-018-24-EMPRESA-COLOMBIANA-DE-ASEO-SA.pdf,cf83106b
Otrosí 1 al contrato 009-24,Otrosí / modificación,SERCOMRED S.A.S . CEDULA O,Valor: cifras ≠ letras (OCR leyó 247.333.333 en cifras y 33.333 en letras),,https://www.acuavalle.gov.co/wp-content/uploads/2025/01/OTROSI-NRO-1-ADICION-Y-PROROGA-AL-CONTRATO-DE-PRESTACION-DE-SERVICIOS-NRO-009-24-SUSCRITO-ENTRE-ACUAVALLE-SA-ESP-Y-SERVICIOS-EN-COMUNICACIONES-Y-REDES-SAS.pdf,de92ccd4
076-24,Contrato de prestación de servicios,SERVICOMERCIAL DE TULUÁ SAS,Valor no legible en el OCR,,https://www.acuavalle.gov.co/wp-content/uploads/2024/08/CONTRATO-DE-PRESTACION-DE-SERVICIOS-NRO-076-24-SERVICOMERCIAL-DE-TULUA-SAS.pdf,26c6b7e7
008-24,Contrato de prestación de servicios,GONZALO MANRIQUE ZULUAGA,Valor: cifras ≠ letras (OCR leyó 92.343.133 en cifras y 92.000.476 en letras),,https://www.acuavalle.gov.co/wp-content/uploads/2024/06/CONTRATO-DE-PRESTACION-DE-SERVICIOS-NRO-008-24-GONZALO-MANRIQUE-ZULUAGA.pdf,8cd57f94
032-24,Contrato de prestación de servicios,MRINTEGRAL GROUP S.A.S,Valor sin doble verificación (tomado de letras),258316064.0,https://www.acuavalle.gov.co/wp-content/uploads/2024/05/CONTRATO-DE-PRESTACION-DE-SERVICIOS-NRO-032-24-MR-INTEGRAL-GROUP-SAS.pdf,acbabfb3
037-24,Contrato de prestación de servicios,MARIA CAMILA REYES ROMERO,Valor: cifras ≠ letras (OCR leyó 74.700.000 en cifras y 74.000.700 en letras),,https://www.acuavalle.gov.co/wp-content/uploads/2024/04/CONTRATO-DE-PRESTACION-DE-SERVICIOS-NRO-037-24-MARIA-CAMILA-REYES-ROMERO.pdf,df7c25f3
Otrosí 1 al contrato 057-24,Otrosí / modificación,INTEGRA TIC TECNOLOGÍA DE OPTIMIZACIÓN SAS,Valor sin doble verificación (solo cifras),116500000.0,https://www.acuavalle.gov.co/wp-content/uploads/2024/12/OTROSI-NRO-1-ADICION-AL-CONTRATO-DE-SUMINISTRO-NRO-057-24-SUSCRITO-ENTRE-ACUAVALLE-SA-ESP-Y-INTEGRA-TIC-TECNOLOGIA-DE-OPTIMIZACION-SAS.pdf,d533181e
095-24,Contrato de suministro,PROFINAS S.A.S,Valor: cifras ≠ letras (OCR leyó 67.473.000 en cifras y 67.463.000 en letras),,https://www.acuavalle.gov.co/wp-content/uploads/2024/10/CONTRATO-DE-SUMINISTRO-NRO-095-24-PROFINAS-SAS.pdf,19cbd7d9
100-24,Contrato de suministro,REGAL SYSTEMS COLOMBIA S.A.S,Valor sin doble verificación (tomado de letras),75402684.0,https://www.acuavalle.gov.co/wp-content/uploads/2024/10/CONTRATO-DE-SUMINISTRO-NRO-100-24-REGAL-SYSTEMS-COLOMBIA-SAS.pdf,a3aaaf07
047-24,Contrato de suministro,DIEGO HUMBERTO PEREZ VILLAFANE,Valor: cifras ≠ letras (OCR leyó 96.280.000 en cifras y 96.000.280 en letras),,https://www.acuavalle.gov.co/wp-content/uploads/2024/06/CONTRATO-DE-SUMINISTRO-NRO-047-24-DIEGO-HUMBERTO-PEREZ-VILLAFANE.pdf,388e158e
090-24,Contrato de consultoría,GRUPO IGEI S.A.S,Valor: cifras ≠ letras (OCR leyó 1.455.816.250 en cifras y 2.455.816.250 en letras),,https://www.acuavalle.gov.co/wp-content/uploads/2024/09/CONTRATO-DE-CONSULTORIA-NRO-090-24-GRUPO-IGEI-SAS.pdf,d9690b11
050-24,Contrato de consultoría,GONSEGUROS CORREDORES DE SEGUROS S.A,Valor no legible en el OCR,,https://www.acuavalle.gov.co/wp-content/uploads/2024/05/CONTRATO-DE-COSULTORIA-NRO-050-24-GONSEGUROS-CORREDORES-DE-SEGUROS-SA.pdf,5e8bd2c2
NRO-003-2024,Convenio interadministrativo,CORPOCUENCAS,Fecha de firma no legible,302480000.0,https://www.acuavalle.gov.co/wp-content/uploads/2024/08/CONVENIO-INTRERADMINISTRATIVO-NRO-003-2024-CORPOCUENCAS.pdf,a0ace4cc
